{"0": [[1, 90.24430522220118], [2, 88.72134685157701],[3, 80.72134685157701],[4, 88.72134685157701]],"1": [[0, 90.24430522220118], [2, 88.72134685157701],[3, 80.72134685157701],[4, 88.72134685157701]],"2": [[0, 90.24430522220118], [1, 88.72134685157701],[3, 80.72134685157701],[4, 88.72134685157701]],"3": [[1, 90.24430522220118], [2, 88.72134685157701],[0, 80.72134685157701],[4, 88.72134685157701]],"4": [[1, 90.24430522220118], [2, 88.72134685157701],[0, 80.72134685157701],[3, 88.72134685157701]]}