{"0": 5.993590730044439, "1": 5.993590730044439, "2": 5.993590730044439, "3": 4.040634541183482, "4": 5.993590730044439}